{"0": [0.8459594943963793, 0.7696705159797528, 0.6632440559093212, 1.2065395425326175, 1.0960965316013906, 0.6776920258718692, 0.7964543928924068, 0.7851532416489666, 0.9303046573629237, 0.8144181337419407, 0.6878258772884952, 0.45410349995253874, 1.6214315877108973, 1.0755043898137044], "1": [0.8689405105811352, 1.0100671911104824, 0.8707511649301115, 1.4756120620547157, 1.1976630553204577, 0.893101503073078, 0.8557144980412505, 1.0482850637497538, 1.032424079962447, 1.0537115088111384, 0.8390308223888615, 0.825839743575313, 1.2882768496112835, 1.0455663324093256], "2": [0.8693176417488143, 1.006821685866309, 0.8707453688524913, 1.4775720608828369, 1.1974629248085522, 0.8923244677824747, 0.8562231618082501, 1.0460049099968252, 1.0319972677807412, 1.055300522122925, 0.8406610074733297, 0.8254957811613983, 1.2876383811803054, 1.0453148866318536], "3": [0.6636176906888878, 0.7381252079859596, 0.6093625467402277, 1.354995215129762, 0.7937610690345137, 0.5723030165806374, 0.8158061074203359, 0.8398818412257153, 0.9336722771791662, 1.1081074463347829, 0.6198292845349205, 0.40661540891493125, 1.3375738839952815, 1.2423015419027825], "4": [0.4921386499412041, 0.7172767103056032, 0.49117186365198356, 0.9004869899831591, 0.6115541444426876, 0.3992597961587435, 0.43563641163850514, 0.6354078826971297, 1.0516014618293794, 0.9570130628905431, 0.5288886731146538, 0.45497878256370167, 1.209771745189625, 1.3050482637043554], "24": [0.4921386499412041, 0.8239689756837648, 0.6022262410587602, 1.3396176352279336, 0.8779129995567996, 0.27158664046743347, 0.48304183995302924, 0.17647792980894142, 0.43927704400753814, 1.0739827035775118, 0.4650328044996457, 0.7443512941641461, 1.2390991433340588, 1.01382507561311], "5": [0.9828869110733122, 0.6136510615805156, 0.828570840124255, 1.442502861646546, 0.8899796642152443, 0.37802322305350905, 1.0276383227699235, 0.586945509732089, 0.947873960499662, 0.824478315081424, 0.6761611377498107, 0.6725717555307413, 1.227114745301694, 1.1846648169255123], "6": [0.7352389342644291, 0.7735309990837246, 0.40932292874905213, 1.3396176352279336, 0.8779129995567996, 0.27158664046743347, 0.560773247483432, 0.6648559383629582, 0.5916398497114864, 0.46563719643822327, 0.6540511658180056, 0.7567689115269421, 0.9194905306233128, 0.8494462226291472], "7": [0.8765460253694264, 1.1651222064332516, 0.941747865082231, 1.3831782181096057, 1.4090363564977753, 0.9345976673280916, 0.8673806853091127, 0.9884618683685615, 0.9101968420399782, 1.0178945675163424, 0.8486619277619908, 0.8439538999830719, 1.2637688376715481, 0.9852504214578198], "8": [0.8760894193788564, 1.1645755808253904, 0.9403285816710123, 1.3846857599967886, 1.407159311063511, 0.9336811073816439, 0.8636822220261604, 0.9883284737707324, 0.9090248319978572, 1.017841026675596, 0.8480541842323058, 0.8433650394947114, 1.263612004999964, 0.9848826869531673], "9": [0.7778521977699995, 1.0478624220536634, 0.8005163567168242, 1.3933071647234312, 0.5925179285068336, 0.3490323294939149, 0.48304183995302924, 0.6847268707400179, 0.5174472773305444, 0.8339585914670943, 0.8699677656063568, 0.62895509308223, 0.9395260019417971, 0.6814643015783604], "10": [0.7368162202042109, 0.6040874497196371, 0.3878066027216761, 1.1790111712924216, 0.8126267635082769, 0.12957460735093113, 0.40785411861040277, 0.17647792980894142, 0.43927704400753814, 0.6764244464680307, 0.7733645192926292, 0.7997077564277694, 0.6236723628101479, 0.6460304525322706], "11": [0.8789492040802731, 0.8454870319432652, 0.6995836877810819, 1.4538550612664858, 0.2773212103134654, 0.8886718771814154, 0.40269644990946984, 0.9161673873269616, 0.4602717868163417, 1.078680832225878, 0.9195528213505757, 1.0537078360330505, 0.706072161553772, 0.7507133628002988], "12": [0.9292407871705953, 0.8481326725055571, 0.8246478662951797, 1.4301894650715412, 0.9710453711581, 0.8479413012647949, 1.0983210324984263, 0.9358289573997701, 0.9143413244314564, 1.1628037833526557, 1.2726062531685571, 0.6605874621061085, 1.339538148502214, 1.1456447297393613], "13": [0.7617662156694467, 1.013115921775973, 0.9176672877964808, 1.639594806269603, 1.03356656507177, 0.854349875574535, 0.9151961963208308, 1.1041393428306208, 1.0561650966513003, 1.0600342059174857, 0.838746830494667, 0.9581079662450007, 1.2165949510435874, 1.01382507561311], "14": [0.7604142137148038, 1.0130085461093, 0.9164777974165241, 1.6428834383181878, 1.0319005597408957, 0.8542346344383346, 0.9154820314900772, 1.1054228293615505, 1.0565048263181112, 1.0612368304052568, 0.83953860086937, 0.9580235804712858, 1.2167111942107038, 1.012583045338067], "15": [0.6084751869617203, 0.8194941807807649, 0.7817322071178303, 1.5403197954287846, 1.0650241865074357, 0.6963489925207008, 1.001433030344671, 1.1099559720579704, 1.025211447267774, 1.5737070033757363, 0.4650328044996457, 0.5523505250703569, 0.9181471615773413, 1.0411172947582414], "16": [0.5069649274107915, 0.9262082877453693, 0.8812149903915109, 1.300973894119266, 0.9033683214367013, 0.6578869604013248, 0.9419513462053954, 0.7534544177493905, 0.8632930268126243, 1.7900782289621457, 0.6239482340013165, 0.49623519391696574, 0.8585470472423153, 0.7599587557719375], "17": [0.9411919839375865, 0.8521764889240259, 0.7387296090313257, 1.18426464444645, 1.0520508051888444, 0.48312977272760976, 0.8408440393954659, 1.1108543352811524, 1.1820376524577056, 1.0879645055345644, 0.6672828183666357, 0.8921659272719292, 1.0954598796060502, 0.7385715881932231], "18": [0.9352971445680314, 0.7283484178701431, 0.7316746410014746, 1.0136931597041914, 1.1343212863401837, 0.5917685588557453, 0.842706221248889, 1.0616664402746439, 0.7142949848446678, 1.2682547531082407, 1.2723817483797364, 0.7443512941641461, 1.4864393508441194, 1.1213717234083709], "19": [0.7757737600095634, 1.0057882820616928, 0.9022872744556374, 1.6315996327731623, 1.1003926194785825, 0.8499427418891121, 0.9156130108723473, 1.0722715216705263, 1.0656846713249166, 1.0739200031484193, 0.8601333386260334, 0.9255569789465105, 1.255399573189594, 0.9795189836530074], "20": [0.7767598443102214, 1.0034033416418364, 0.9023336557375108, 1.638616298019246, 1.0976015695655905, 0.8495183576263042, 0.9143125105492061, 1.0726490508510267, 1.064985094550806, 1.0739827035775118, 0.8608227248368093, 0.9259421530682714, 1.257448399248839, 0.9798216735392062], "21": [0.704178058904412, 0.9388646529245313, 0.6351242192856184, 1.4429153969894306, 0.7730647012822272, 0.6083052002187239, 0.8812492871771769, 0.8632491909014686, 0.908008836109519, 1.3687340293166699, 0.7761815606348452, 0.5064144843807964, 1.2390991433340588, 1.0753940690483814], "22": [0.6999044242903043, 0.9981911556733416, 0.5794184450863252, 1.2556783485349339, 0.8151517046297753, 0.595418017258644, 0.7038285397700571, 0.6226874950767741, 0.8194733295616488, 1.1357334035785973, 0.9563666457150866, 0.5633952867286214, 1.1849170310434143, 1.05704186825396], "23": [0.9656661066904848, 0.8239689756837648, 0.6022262410587602, 1.0349470146720676, 0.5312047967336343, 0.42660024331485935, 0.7297602601130462, 1.1070020658165303, 0.9847434388791976, 0.9529431256135644, 1.0031103847137333, 0.9062557451875785, 1.571111264106183, 0.7415001711822924]}