cumulative_wealth,apy,sharp_ratio,calmar_ratio,max_drawdown,volatility,turnover
1.3233053272268995,0.3371064661237273,23.50993671542271,2.1700818100075,0.15534274540670992,0.20061385067624213,0.05966807846902607
