cumulative_wealth,apy,sharp_ratio,calmar_ratio,max_drawdown,volatility,turnover
1.7910753508637272,0.8301574092039194,25.272771107511485,1.9282427385873266,0.43052536518929724,0.4963191394695901,1.5359943557130264
