cumulative_wealth,apy,sharp_ratio,calmar_ratio,max_drawdown,volatility,turnover
1.321243571237026,0.3349461121136217,8.192700863504543,0.6306056421374225,0.5311498815302856,0.57149949142721,0.1184121889059684
