cumulative_wealth,apy,sharp_ratio,calmar_ratio,max_drawdown,volatility,turnover
0.4357537526827762,-0.5774484525457844,-30.051965775711988,-0.9087100760364123,0.6354595021819103,0.32615804204557564,1.0548481321627914
