cumulative_wealth,apy,sharp_ratio,calmar_ratio,max_drawdown,volatility,turnover
0.0430111683831669,-0.8043469740798297,-42.7156071748074,-0.8371498609439114,0.9608159919812977,0.31378677650860787,1.2793244982646101
