cumulative_wealth,apy,sharp_ratio,calmar_ratio,max_drawdown,volatility,turnover
0.8349927710498484,-0.17056553872928992,-7.628003263991122,-0.3719092624314416,0.4586213788120759,0.4382043616482824,0.12878049184566231
