cumulative_wealth,apy,sharp_ratio,calmar_ratio,max_drawdown,volatility,turnover
2.5664162403204335e+51,4996086.1342909075,52401967.85396258,25002651.28325416,0.19982225395580744,1.5135005659710747,1.592108557102362
