cumulative_wealth,apy,sharp_ratio,calmar_ratio,max_drawdown,volatility,turnover
0.2903286473635212,-0.7241358545545166,-21.516069923090527,-1.0063171279019918,0.719590111781385,0.5637777102172603,1.1205157200709348
