cumulative_wealth,apy,sharp_ratio,calmar_ratio,max_drawdown,volatility,turnover
1.8016518574006546e+39,130318.63511749163,1415457.6568213142,398524.8309691967,0.3270025478727683,1.4615368770373258,1.7221012246876848
