cumulative_wealth,apy,sharp_ratio,calmar_ratio,max_drawdown,volatility,turnover
0.12811939339479989,-0.8812691511410067,-20.2150737143685,-1.00001201950112,0.8812585588527716,0.7234549125810571,0.9654860928716252
