cumulative_wealth,apy,sharp_ratio,calmar_ratio,max_drawdown,volatility,turnover
0.10094798859089751,-0.9072716785206603,-36.20645814673328,-0.9928482189507755,0.9138070262939576,0.4153256761912545,1.7816281518648753
