cumulative_wealth,apy,sharp_ratio,calmar_ratio,max_drawdown,volatility,turnover
0.9050139416506987,-0.050434440316807105,-6.770671524853204,-0.15266587513676652,0.3303583087682506,0.2120324740214945,0.06836067849582553
