cumulative_wealth,apy,sharp_ratio,calmar_ratio,max_drawdown,volatility,turnover
0.4122962345359247,-0.6010138102347741,-21.177598840115788,-0.9343124192961939,0.643268566083613,0.48049728630043964,0.2099925451374795
