cumulative_wealth,apy,sharp_ratio,calmar_ratio,max_drawdown,volatility,turnover
1.1716219987507004,0.04183077276392022,0.15798309460583124,0.15384061304529173,0.27190981585340507,0.18396029470704445,0.024945965887831188
